<?xml version="1.0" encoding="UTF-8" standalone="yes" ?>
<icons>

  <!-- Main Application Icon-->
  <icon name="app16" file="wxwin16x16.xpm"/>
  <icon name="app32" file="logo.png"/>

  <!-- Toolbar Icons -->
  <icon name="new" file="new.png"/>
  <icon name="open" file="open.png"/>
  <icon name="save" file="save.png"/>
  <icon name="undo" file="undo.png"/>
  <icon name="redo" file="redo.png"/>
  <icon name="copy" file="copy.xpm"/>
  <icon name="paste" file="paste.png"/>
  <icon name="cut" file="cut.png"/>
  <icon name="delete" file="delete.png"/>
  <icon name="generate" file="generate.png"/>
  <icon name="lalign" file="lalign.png"/>
  <icon name="chalign" file="chalign.png"/>
  <icon name="ralign" file="ralign.png"/>
  <icon name="talign" file="talign.png"/>
  <icon name="cvalign" file="cvalign.png"/>
  <icon name="balign" file="balign.png"/>
  <icon name="expand" file="expand.png"/>
  <icon name="stretch" file="stretch.png"/>
  <icon name="left" file="left.xpm"/>
  <icon name="right" file="right.xpm"/>
  <icon name="top" file="top.xpm"/>
  <icon name="bottom" file="bottom.xpm"/>
  <icon name="swap" file="swap.png"/>

  <!-- Object Tree -->
  <icon name="project" file="project.xpm"/>

  <!-- Replace Unknown Icon -->
  <!-- <icon name="unknown" file="unknown.xpm"/> -->

  <!-- Visual Editor -->
  <icon name="cpp" file="cpp.png"/>
  <icon name="h" file="h.png"/>
  <icon name="designer" file="designer.png"/>
  <icon name="c++" file="c++.png"/>
  <icon name="python" file="python.png"/>
  <icon name="php" file="php.png"/>
  <icon name="lua" file="lua.png"/>
  <icon name="xrc" file="xrc.png"/>

  <!-- Object Properties -->
  <icon name="properties" file="properties.png"/>
  <icon name="events" file="events.png"/>

</icons>
