{
	"app-id": "org.wxformbuilder.wxFormBuilder",
	"runtime": "org.freedesktop.Platform",
	"runtime-version": "18.08",
	"sdk": "org.freedesktop.Sdk",
	"command": "wxformbuilder",
	"finish-args": [
		"--socket=x11",
		"--socket=wayland",
		"--filesystem=host"
	],
	"cleanup": [ "/include" ],
	"modules": [
		{
			"name": "wxWidgets",
			"config-opts": "--with-gtk=3 --with-opengl --with-libjpeg --disable-shared --enable-monolithic--with-libtiff --with-libpng --with-zlib --disable-sdltest --enable-unicode --enable-display --enable-propgrid --disable-webkit --disable-webview --disable-webviewwebkit --with-libiconv=/usr",
			"cxxflags": [
				"-std=c++11"
			],
			"sources": [
				{
					"type": "archive",
					"url": "https://github.com/wxWidgets/wxWidgets/releases/download/v3.1.1/wxWidgets-3.1.1.tar.bz2",
					"sha256": "c925dfe17e8f8b09eb7ea9bfdcfcc13696a3e14e92750effd839f5e10726159e"
				}
			],
			"cleanup": [ "/bin/wx*", "/lib/wx" ]
		},
		{
			"name": "wxFormBuilder",
			"buildsystem": "simple",
			"build-commands": [
				"./create_build_files4.sh",
				"make config=release -C build/3.1/gmake",
				"mv output/bin/wxformbuilder /app/bin",
				"mkdir /app/share/wxformbuilder",
				"mv output/xml /app/share/wxformbuilder",
				"mv output/resources /app/share/wxformbuilder",
				"mv output/plugins /app/share/wxformbuilder",
				"mv output/*.* /app/share/wxformbuilder",
				"mv output/lib/* /app/lib",
				"mkdir /app/share/applications",
				"mv install/linux/data/gnome/usr/share/applications/wxformbuilder.desktop /app/share/applications/org.wxformbuilder.wxFormBuilder.desktop",
				"sed -i s/wxformbuilder.png/org.wxformbuilder.wxFormBuilder.png/ /app/share/applications/org.wxformbuilder.wxFormBuilder.desktop",
				"mkdir -p /app/share/icons",
				"mv install/linux/data/gnome/usr/share/pixmaps/wxformbuilder.png /app/share/icons/org.wxformbuilder.wxFormBuilder.png",
				"mkdir /app/share/appdata",
				"mv install/linux/data/gnome/usr/share/appdata/org.wxformbuilder.wxFormBuilder.appdata.xml /app/share/appdata"
			],
			"sources": [
				{
					"type": "git",
					"branch": "HEAD",
					"path": "../.."
				}
			]
		}
	]
}
