[{"name": "WxWidgets", "version": "3.0.4", "compile_args": ["-I/usr/lib/x86_64-linux-gnu/wx/include/gtk3-unicode-3.0", "-I/usr/include/wx-3.0", "-D_FILE_OFFSET_BITS=64", "-DWXUSINGDLL", "-D__WXGTK__", "-pthread"], "link_args": ["-L/usr/lib/x86_64-linux-gnu", "-pthread", "-lwx_gtk3u_stc-3.0", "-lwx_gtk3u_propgrid-3.0", "-lwx_gtk3u_aui-3.0", "-lwx_gtk3u_ribbon-3.0", "-lwx_gtk3u_richtext-3.0", "-lwx_gtk3u_xrc-3.0", "-lwx_gtk3u_html-3.0", "-lwx_gtk3u_qa-3.0", "-lwx_gtk3u_adv-3.0", "-lwx_gtk3u_core-3.0", "-lwx_baseu_xml-3.0", "-lwx_baseu_net-3.0", "-lwx_baseu-3.0"]}, {"name": "WxWidgets", "version": "3.0.4", "compile_args": ["-I/usr/lib/x86_64-linux-gnu/wx/include/gtk3-unicode-3.0", "-I/usr/include/wx-3.0", "-D_FILE_OFFSET_BITS=64", "-DWXUSINGDLL", "-D__WXGTK__", "-pthread"], "link_args": ["-L/usr/lib/x86_64-linux-gnu", "-pthread", "-lwx_gtk3u_media-3.0", "-lwx_baseu-3.0"]}]