[{"name": "ticpp", "id": "792e4b4@@ticpp@sta", "type": "static library", "defined_in": "/home/meister/PycharmProjects/wxFormBuilder/subprojects/ticpp/meson.build", "filename": ["/home/meister/PycharmProjects/wxFormBuilder/_build/subprojects/ticpp/libticpp.a"], "build_by_default": true, "target_sources": [{"language": "cpp", "compiler": ["ccache", "c++"], "parameters": ["-I/home/meister/PycharmProjects/wxFormBuilder/_build/subprojects/ticpp/792e4b4@@ticpp@sta", "-I/home/meister/PycharmProjects/wxFormBuilder/_build/subprojects/ticpp", "-I/home/meister/PycharmProjects/wxFormBuilder/subprojects/ticpp", "-fdiagnostics-color=always", "-pipe", "-D_FILE_OFFSET_BITS=64", "-Wall", "-Winvalid-pch", "-Wnon-virtual-dtor", "-std=c++17", "-O3", "-DTIXML_USE_TICPP", "-fPIC"], "sources": ["/home/meister/PycharmProjects/wxFormBuilder/subprojects/ticpp/ticpp.cpp", "/home/meister/PycharmProjects/wxFormBuilder/subprojects/ticpp/tinystr.cpp", "/home/meister/PycharmProjects/wxFormBuilder/subprojects/ticpp/tinyxml.cpp", "/home/meister/PycharmProjects/wxFormBuilder/subprojects/ticpp/tinyxmlerror.cpp", "/home/meister/PycharmProjects/wxFormBuilder/subprojects/ticpp/tinyxmlparser.cpp"], "generated_sources": []}], "subproject": "ticpp", "installed": false}, {"name": "plugin_interface", "id": "plugin_interface@sta", "type": "static library", "defined_in": "/home/meister/PycharmProjects/wxFormBuilder/meson.build", "filename": ["/home/meister/PycharmProjects/wxFormBuilder/_build/libplugin_interface.a"], "build_by_default": true, "target_sources": [{"language": "cpp", "compiler": ["ccache", "c++"], "parameters": ["-I/home/meister/PycharmProjects/wxFormBuilder/_build/plugin_interface@sta", "-I/home/meister/PycharmProjects/wxFormBuilder/_build", "-I/home/meister/PycharmProjects/wxFormBuilder", "-I/home/meister/PycharmProjects/wxFormBuilder/_build/subprojects/ticpp", "-I/home/meister/PycharmProjects/wxFormBuilder/subprojects/ticpp", "-I/usr/lib/x86_64-linux-gnu/wx/include/gtk3-unicode-3.0", "-I/usr/include/wx-3.0", "-fdiagnostics-color=always", "-pipe", "-Wall", "-Winvalid-pch", "-Wnon-virtual-dtor", "-std=c++17", "-O3", "-Wall", "-Wextra", "-Winit-self", "-Wimplicit-fallthrough", "-Wpedantic", "-Wdelete-non-virtual-dtor", "-Wlogical-op", "-Wduplicated-cond", "-Wduplicated-branches", "-Wno-overloaded-virtual", "-Wtautological-compare", "-Wextra-semi", "-Wno-ignored-qualifiers", "-Wno-unused-parameter", "-Wno-cast-function-type", "-DNDEBUG", "-DUSE_MEDIACTRL", "-fPIC", "-pthread", "-D_FILE_OFFSET_BITS=64", "-DWXUSINGDLL", "-D__WXGTK__"], "sources": ["/home/meister/PycharmProjects/wxFormBuilder/sdk/plugin_interface/xrcconv.cpp", "/home/meister/PycharmProjects/wxFormBuilder/sdk/plugin_interface/forms/wizard.cpp"], "generated_sources": []}], "subproject": null, "installed": false}, {"name": "wxformbuilder", "id": "wxformbuilder@exe", "type": "executable", "defined_in": "/home/meister/PycharmProjects/wxFormBuilder/meson.build", "filename": ["/home/meister/PycharmProjects/wxFormBuilder/_build/wxformbuilder"], "build_by_default": true, "target_sources": [{"language": "cpp", "compiler": ["ccache", "c++"], "parameters": ["-I/home/meister/PycharmProjects/wxFormBuilder/_build/wxformbuilder@exe", "-I/home/meister/PycharmProjects/wxFormBuilder/_build", "-I/home/meister/PycharmProjects/wxFormBuilder", "-I/home/meister/PycharmProjects/wxFormBuilder/sdk/plugin_interface", "-I/home/meister/PycharmProjects/wxFormBuilder/_build/subprojects/ticpp", "-I/home/meister/PycharmProjects/wxFormBuilder/subprojects/ticpp", "-I/usr/lib/x86_64-linux-gnu/wx/include/gtk3-unicode-3.0", "-I/usr/include/wx-3.0", "-fdiagnostics-color=always", "-pipe", "-Wall", "-Winvalid-pch", "-Wnon-virtual-dtor", "-std=c++17", "-O3", "-Wall", "-Wextra", "-Winit-self", "-Wimplicit-fallthrough", "-Wpedantic", "-Wdelete-non-virtual-dtor", "-Wlogical-op", "-Wduplicated-cond", "-Wduplicated-branches", "-Wno-overloaded-virtual", "-Wtautological-compare", "-Wextra-semi", "-Wno-ignored-qualifiers", "-Wno-unused-parameter", "-Wno-cast-function-type", "-DNDEBUG", "-DUSE_MEDIACTRL", "-pthread", "-D_FILE_OFFSET_BITS=64", "-DWXUSINGDLL", "-D__WXGTK__"], "sources": ["/home/meister/PycharmProjects/wxFormBuilder/src/codegen/codegen.cpp", "/home/meister/PycharmProjects/wxFormBuilder/src/codegen/codeparser.cpp", "/home/meister/PycharmProjects/wxFormBuilder/src/codegen/codewriter.cpp", "/home/meister/PycharmProjects/wxFormBuilder/src/codegen/cppcg.cpp", "/home/meister/PycharmProjects/wxFormBuilder/src/codegen/luacg.cpp", "/home/meister/PycharmProjects/wxFormBuilder/src/codegen/phpcg.cpp", "/home/meister/PycharmProjects/wxFormBuilder/src/codegen/pythoncg.cpp", "/home/meister/PycharmProjects/wxFormBuilder/src/codegen/xrccg.cpp", "/home/meister/PycharmProjects/wxFormBuilder/src/maingui.cpp", "/home/meister/PycharmProjects/wxFormBuilder/src/md5/md5.cc", "/home/meister/PycharmProjects/wxFormBuilder/src/model/database.cpp", "/home/meister/PycharmProjects/wxFormBuilder/src/model/objectbase.cpp", "/home/meister/PycharmProjects/wxFormBuilder/src/model/types.cpp", "/home/meister/PycharmProjects/wxFormBuilder/src/model/xrcfilter.cpp", "/home/meister/PycharmProjects/wxFormBuilder/src/rad/about.cpp", "/home/meister/PycharmProjects/wxFormBuilder/src/rad/appdata.cpp", "/home/meister/PycharmProjects/wxFormBuilder/src/rad/bitmaps.cpp", "/home/meister/PycharmProjects/wxFormBuilder/src/rad/cmdproc.cpp", "/home/meister/PycharmProjects/wxFormBuilder/src/rad/codeeditor/codeeditor.cpp", "/home/meister/PycharmProjects/wxFormBuilder/src/rad/cpppanel/cpppanel.cpp", "/home/meister/PycharmProjects/wxFormBuilder/src/rad/dataobject/dataobject.cpp", "/home/meister/PycharmProjects/wxFormBuilder/src/rad/designer/innerframe.cpp", "/home/meister/PycharmProjects/wxFormBuilder/src/rad/designer/menubar.cpp", "/home/meister/PycharmProjects/wxFormBuilder/src/rad/designer/visualeditor.cpp", "/home/meister/PycharmProjects/wxFormBuilder/src/rad/designer/visualobj.cpp", "/home/meister/PycharmProjects/wxFormBuilder/src/rad/geninheritclass/geninhertclass_gui.cpp", "/home/meister/PycharmProjects/wxFormBuilder/src/rad/geninheritclass/geninhertclass.cpp", "/home/meister/PycharmProjects/wxFormBuilder/src/rad/inspector/objinspect.cpp", "/home/meister/PycharmProjects/wxFormBuilder/src/rad/inspector/wxfbadvprops.cpp", "/home/meister/PycharmProjects/wxFormBuilder/src/rad/luapanel/luapanel.cpp", "/home/meister/PycharmProjects/wxFormBuilder/src/rad/mainframe.cpp", "/home/meister/PycharmProjects/wxFormBuilder/src/rad/menueditor.cpp", "/home/meister/PycharmProjects/wxFormBuilder/src/rad/objecttree/objecttree.cpp", "/home/meister/PycharmProjects/wxFormBuilder/src/rad/palette.cpp", "/home/meister/PycharmProjects/wxFormBuilder/src/rad/phppanel/phppanel.cpp", "/home/meister/PycharmProjects/wxFormBuilder/src/rad/pythonpanel/pythonpanel.cpp", "/home/meister/PycharmProjects/wxFormBuilder/src/rad/title.cpp", "/home/meister/PycharmProjects/wxFormBuilder/src/rad/wxfbevent.cpp", "/home/meister/PycharmProjects/wxFormBuilder/src/rad/wxfbmanager.cpp", "/home/meister/PycharmProjects/wxFormBuilder/src/rad/xrcpanel/xrcpanel.cpp", "/home/meister/PycharmProjects/wxFormBuilder/src/rad/xrcpreview/xrcpreview.cpp", "/home/meister/PycharmProjects/wxFormBuilder/src/utils/annoyingdialog.cpp", "/home/meister/PycharmProjects/wxFormBuilder/src/utils/filetocarray.cpp", "/home/meister/PycharmProjects/wxFormBuilder/src/utils/stringutils.cpp", "/home/meister/PycharmProjects/wxFormBuilder/src/utils/typeconv.cpp", "/home/meister/PycharmProjects/wxFormBuilder/src/utils/wxfbipc.cpp"], "generated_sources": []}], "subproject": null, "installed": true, "install_filename": ["/home/meister/PycharmProjects/wxFormBuilder/_install/bin/wxformbuilder"]}, {"name": "common", "id": "common@sha", "type": "shared library", "defined_in": "/home/meister/PycharmProjects/wxFormBuilder/meson.build", "filename": ["/home/meister/PycharmProjects/wxFormBuilder/_build/libcommon.so"], "build_by_default": true, "target_sources": [{"language": "cpp", "compiler": ["ccache", "c++"], "parameters": ["-I/home/meister/PycharmProjects/wxFormBuilder/_build/common@sha", "-I/home/meister/PycharmProjects/wxFormBuilder/_build", "-I/home/meister/PycharmProjects/wxFormBuilder", "-I/home/meister/PycharmProjects/wxFormBuilder/sdk/plugin_interface", "-I/home/meister/PycharmProjects/wxFormBuilder/_build/subprojects/ticpp", "-I/home/meister/PycharmProjects/wxFormBuilder/subprojects/ticpp", "-I/usr/lib/x86_64-linux-gnu/wx/include/gtk3-unicode-3.0", "-I/usr/include/wx-3.0", "-fdiagnostics-color=always", "-pipe", "-Wall", "-Winvalid-pch", "-Wnon-virtual-dtor", "-std=c++17", "-O3", "-Wall", "-Wextra", "-Winit-self", "-Wimplicit-fallthrough", "-Wpedantic", "-Wdelete-non-virtual-dtor", "-Wlogical-op", "-Wduplicated-cond", "-Wduplicated-branches", "-Wno-overloaded-virtual", "-Wtautological-compare", "-Wextra-semi", "-Wno-ignored-qualifiers", "-Wno-unused-parameter", "-Wno-cast-function-type", "-DNDEBUG", "-DUSE_MEDIACTRL", "-fPIC", "-D_FILE_OFFSET_BITS=64", "-DWXUSINGDLL", "-D__WXGTK__", "-pthread"], "sources": ["/home/meister/PycharmProjects/wxFormBuilder/plugins/common/common.cpp"], "generated_sources": []}], "subproject": null, "installed": true, "install_filename": ["/home/meister/PycharmProjects/wxFormBuilder/_install/lib/x86_64-linux-gnu/wxformbuilder/libcommon.so"]}, {"name": "containers", "id": "containers@sha", "type": "shared library", "defined_in": "/home/meister/PycharmProjects/wxFormBuilder/meson.build", "filename": ["/home/meister/PycharmProjects/wxFormBuilder/_build/libcontainers.so"], "build_by_default": true, "target_sources": [{"language": "cpp", "compiler": ["ccache", "c++"], "parameters": ["-I/home/meister/PycharmProjects/wxFormBuilder/_build/containers@sha", "-I/home/meister/PycharmProjects/wxFormBuilder/_build", "-I/home/meister/PycharmProjects/wxFormBuilder", "-I/home/meister/PycharmProjects/wxFormBuilder/sdk/plugin_interface", "-I/home/meister/PycharmProjects/wxFormBuilder/_build/subprojects/ticpp", "-I/home/meister/PycharmProjects/wxFormBuilder/subprojects/ticpp", "-I/usr/lib/x86_64-linux-gnu/wx/include/gtk3-unicode-3.0", "-I/usr/include/wx-3.0", "-fdiagnostics-color=always", "-pipe", "-Wall", "-Winvalid-pch", "-Wnon-virtual-dtor", "-std=c++17", "-O3", "-Wall", "-Wextra", "-Winit-self", "-Wimplicit-fallthrough", "-Wpedantic", "-Wdelete-non-virtual-dtor", "-Wlogical-op", "-Wduplicated-cond", "-Wduplicated-branches", "-Wno-overloaded-virtual", "-Wtautological-compare", "-Wextra-semi", "-Wno-ignored-qualifiers", "-Wno-unused-parameter", "-Wno-cast-function-type", "-DNDEBUG", "-DUSE_MEDIACTRL", "-fPIC", "-D_FILE_OFFSET_BITS=64", "-DWXUSINGDLL", "-D__WXGTK__", "-pthread"], "sources": ["/home/meister/PycharmProjects/wxFormBuilder/plugins/containers/containers.cpp"], "generated_sources": []}], "subproject": null, "installed": true, "install_filename": ["/home/meister/PycharmProjects/wxFormBuilder/_install/lib/x86_64-linux-gnu/wxformbuilder/libcontainers.so"]}, {"name": "forms", "id": "forms@sha", "type": "shared library", "defined_in": "/home/meister/PycharmProjects/wxFormBuilder/meson.build", "filename": ["/home/meister/PycharmProjects/wxFormBuilder/_build/libforms.so"], "build_by_default": true, "target_sources": [{"language": "cpp", "compiler": ["ccache", "c++"], "parameters": ["-I/home/meister/PycharmProjects/wxFormBuilder/_build/forms@sha", "-I/home/meister/PycharmProjects/wxFormBuilder/_build", "-I/home/meister/PycharmProjects/wxFormBuilder", "-I/home/meister/PycharmProjects/wxFormBuilder/sdk/plugin_interface", "-I/home/meister/PycharmProjects/wxFormBuilder/_build/subprojects/ticpp", "-I/home/meister/PycharmProjects/wxFormBuilder/subprojects/ticpp", "-I/usr/lib/x86_64-linux-gnu/wx/include/gtk3-unicode-3.0", "-I/usr/include/wx-3.0", "-fdiagnostics-color=always", "-pipe", "-Wall", "-Winvalid-pch", "-Wnon-virtual-dtor", "-std=c++17", "-O3", "-Wall", "-Wextra", "-Winit-self", "-Wimplicit-fallthrough", "-Wpedantic", "-Wdelete-non-virtual-dtor", "-Wlogical-op", "-Wduplicated-cond", "-Wduplicated-branches", "-Wno-overloaded-virtual", "-Wtautological-compare", "-Wextra-semi", "-Wno-ignored-qualifiers", "-Wno-unused-parameter", "-Wno-cast-function-type", "-DNDEBUG", "-DUSE_MEDIACTRL", "-fPIC", "-D_FILE_OFFSET_BITS=64", "-DWXUSINGDLL", "-D__WXGTK__", "-pthread"], "sources": ["/home/meister/PycharmProjects/wxFormBuilder/plugins/forms/forms.cpp"], "generated_sources": []}], "subproject": null, "installed": true, "install_filename": ["/home/meister/PycharmProjects/wxFormBuilder/_install/lib/x86_64-linux-gnu/wxformbuilder/libforms.so"]}, {"name": "layout", "id": "layout@sha", "type": "shared library", "defined_in": "/home/meister/PycharmProjects/wxFormBuilder/meson.build", "filename": ["/home/meister/PycharmProjects/wxFormBuilder/_build/liblayout.so"], "build_by_default": true, "target_sources": [{"language": "cpp", "compiler": ["ccache", "c++"], "parameters": ["-I/home/meister/PycharmProjects/wxFormBuilder/_build/layout@sha", "-I/home/meister/PycharmProjects/wxFormBuilder/_build", "-I/home/meister/PycharmProjects/wxFormBuilder", "-I/home/meister/PycharmProjects/wxFormBuilder/sdk/plugin_interface", "-I/home/meister/PycharmProjects/wxFormBuilder/_build/subprojects/ticpp", "-I/home/meister/PycharmProjects/wxFormBuilder/subprojects/ticpp", "-I/usr/lib/x86_64-linux-gnu/wx/include/gtk3-unicode-3.0", "-I/usr/include/wx-3.0", "-fdiagnostics-color=always", "-pipe", "-Wall", "-Winvalid-pch", "-Wnon-virtual-dtor", "-std=c++17", "-O3", "-Wall", "-Wextra", "-Winit-self", "-Wimplicit-fallthrough", "-Wpedantic", "-Wdelete-non-virtual-dtor", "-Wlogical-op", "-Wduplicated-cond", "-Wduplicated-branches", "-Wno-overloaded-virtual", "-Wtautological-compare", "-Wextra-semi", "-Wno-ignored-qualifiers", "-Wno-unused-parameter", "-Wno-cast-function-type", "-DNDEBUG", "-DUSE_MEDIACTRL", "-fPIC", "-D_FILE_OFFSET_BITS=64", "-DWXUSINGDLL", "-D__WXGTK__", "-pthread"], "sources": ["/home/meister/PycharmProjects/wxFormBuilder/plugins/layout/layout.cpp"], "generated_sources": []}], "subproject": null, "installed": true, "install_filename": ["/home/meister/PycharmProjects/wxFormBuilder/_install/lib/x86_64-linux-gnu/wxformbuilder/liblayout.so"]}, {"name": "additional", "id": "additional@sha", "type": "shared library", "defined_in": "/home/meister/PycharmProjects/wxFormBuilder/meson.build", "filename": ["/home/meister/PycharmProjects/wxFormBuilder/_build/libadditional.so"], "build_by_default": true, "target_sources": [{"language": "cpp", "compiler": ["ccache", "c++"], "parameters": ["-I/home/meister/PycharmProjects/wxFormBuilder/_build/additional@sha", "-I/home/meister/PycharmProjects/wxFormBuilder/_build", "-I/home/meister/PycharmProjects/wxFormBuilder", "-I/home/meister/PycharmProjects/wxFormBuilder/sdk/plugin_interface", "-I/home/meister/PycharmProjects/wxFormBuilder/_build/subprojects/ticpp", "-I/home/meister/PycharmProjects/wxFormBuilder/subprojects/ticpp", "-I/usr/lib/x86_64-linux-gnu/wx/include/gtk3-unicode-3.0", "-I/usr/include/wx-3.0", "-fdiagnostics-color=always", "-pipe", "-Wall", "-Winvalid-pch", "-Wnon-virtual-dtor", "-std=c++17", "-O3", "-Wall", "-Wextra", "-Winit-self", "-Wimplicit-fallthrough", "-Wpedantic", "-Wdelete-non-virtual-dtor", "-Wlogical-op", "-Wduplicated-cond", "-Wduplicated-branches", "-Wno-overloaded-virtual", "-Wtautological-compare", "-Wextra-semi", "-Wno-ignored-qualifiers", "-Wno-unused-parameter", "-Wno-cast-function-type", "-DNDEBUG", "-DUSE_MEDIACTRL", "-fPIC", "-D_FILE_OFFSET_BITS=64", "-DWXUSINGDLL", "-D__WXGTK__", "-pthread"], "sources": ["/home/meister/PycharmProjects/wxFormBuilder/plugins/additional/additional.cpp"], "generated_sources": []}], "subproject": null, "installed": true, "install_filename": ["/home/meister/PycharmProjects/wxFormBuilder/_install/lib/x86_64-linux-gnu/wxformbuilder/libadditional.so"]}]