<?xml version="1.0" encoding="UTF-8"?>
<component type="desktop">
  <id>org.wxformbuilder.wxFormBuilder.desktop</id>
  <metadata_license>CC0-1.0</metadata_license>
  <project_license>GPL-2.0+</project_license>
  <name>wxFormBuilder</name>
  <summary>RAD tool for wxWidgets GUI design</summary>

  <description>
    <p>
      wxFormBuilder is a visual development tool, but also allows including non-graphical
      components. It can emit C++, Python, PHP, Lua and XRC code.
    </p>
  </description>

  <url type="homepage">http://wxformbuilder.org</url>

  <provides>
    <binary>wxformbuilder</binary>
  </provides>
  <releases>
    <release version="3.9.0" timestamp="1540548466"/>
    <release version="3.8.1" timestamp="1533721237"/>
    <release version="3.8.0" timestamp="1531309238"/>
    <release version="3.7.0" timestamp="1527589991"/>
    <release version="3.6.2" timestamp="1516697509"/>
  </releases>
</component>
